{
	"businessDataMap":{
		
	},
	"product":{
		"pkCode":"JE_PRODUCT_MANAGE_ID",
		"pkValue":"89c46361dd554800b78ad438340d7791",
		"tableCode":"JE_PRODUCT_MANAGE",
		"tenantIdField":"SY_TENANT_ID",
		"tenantNameField":"SY_TENANT_NAME",
		"values":{
			"SY_MODIFYORGID":"dSxGZiOYSPQubZSW6Pm",
			"PRODUCT_ENABLE_STATE":"1",
			"MANAGE_KFYWSQ_ID":"",
			"SY_MODIFYTIME":"2023-10-08 10:14:19",
			"SY_CREATEUSERNAME":"",
			"PRODUCT_CODE":"meta",
			"MANAGE_KFYWSQ_NAME":"",
			"SY_ORDERINDEX":1,
			"PRODUCT_DEVELOPER_ID":"024ae37105044073b8665ae7adc8ee37,09db58129197410f8d109f405238d9be,28e5ddc720244fa7916a31d38951f657,2971cbeabaae4ad6b4180b980c65a550,33ff53e1e64f491d855adebdc2bb0973,4c8ae1556d5c4087b1bb3d5901fa3e3e,5220fc57a8e24e76b6aefe16130ef62e,6beb6ccc7fa645d2ad98030dec27cef9,746a70a91ce44eaa9eba81f0b24ed4cd,8644fbc7849f4eb59475dcf5f3367c42,9918ab9e95084eed8705723d9637422f,9b37266821be4e8783f306b7611dbad4,b6953aa9f1e045c9aba4f5643342d2c0,d07890fa093a4a4c90d050a9f9751838,e0c50371df6f4aeaae6226985efcfc10,fb78530b7cb24f3bac853045f52c01e7",
			"SY_MODIFYUSERID":"fd457e3d86264e3e8f6bf0e6d8c9093f",
			"SY_CREATEORGID":"",
			"PRODUCT_APPLY_INDUSTRY":"",
			"SY_STATUS":"1",
			"SY_CREATEUSERID":"",
			"PRODUCT_SERVICE_LIST":"1",
			"PRODUCT_NAME":"元数据服务",
			"JE_PRODUCT_MANAGE_ID":"89c46361dd554800b78ad438340d7791",
			"SY_MODIFYORGNAME":"平台研发部",
			"PRODUCT_VERSION":"1.0.0",
			"PRODUCT_CLASSIFICATION":"",
			"PRODUCT_TYPE":"2",
			"SY_CREATETIME":"",
			"SY_CREATEORGNAME":"",
			"MANAGE_KFYWSQ_CODE":"",
			"PRODUCT_ICON_BACKGROUND":"1",
			"PRODUCT_OPEN_STATE":"",
			"SY_MODIFYUSERNAME":"庞峰",
			"PRODUCT_DEVELOPER":"李飞,呼丽华,张帅鹏,开发者,王超,刘利军,刘旭,吝志超,云凤程,庞峰,秦永莲,赵宝利,鲁航,于春辉,王金爽,翟厚翔",
			"PRODUCT_ICON_COLOR":"#4E83FD",
			"PRODUCT_DESCRIBE":"",
			"PRODUCT_ICON":"fal fa-database"
		}
	},
	"productCharts":[
		
	],
	"productDictionarys":[
		{
			"pkCode":"JE_CORE_DICTIONARY_ID",
			"pkValue":"59999497-3a30-4977-bfee-d7f84aab9e52",
			"tableCode":"JE_CORE_DICTIONARY",
			"tenantIdField":"SY_TENANT_ID",
			"tenantNameField":"SY_TENANT_NAME",
			"values":{
				"SY_MODIFYORGID":"dSxGZiOYSPQubZSW6Pm",
				"SY_PRODUCT_NAME":"元数据",
				"DICTIONARY_ZTBJYS":"",
				"DICTIONARY_ORDERSQL_SQL":"",
				"DICTIONARY_DDTYPE":"LIST",
				"DICTIONARY_SJJG_NAME":"",
				"SY_PRODUCT_ID":"89c46361dd554800b78ad438340d7791",
				"DICTIONARY_FJDLJ":"",
				"DICTIONARY_FGF":"",
				"DICTIONARY_TBYS":"",
				"SY_ORDERINDEX":0,
				"DICTIONARY_SQLLBSM":"",
				"DICTIONARY_CLASS":"",
				"DICTIONARY_WHERESQL":"",
				"SY_STATUS":"",
				"SY_JESYS":"0",
				"SY_PRODUCT_CODE":"meta",
				"DICTIONARY_CLASSNAME":"",
				"DICTIONARY_DDNAME":"日期格式",
				"DICTIONARY_SJJG_CODE":"",
				"DICTIONARY_SSMKLJ":"/ROOT/2ee489a6-8f2b-4c5f-a92b-3b1ed896e032/0379344a-924b-47d8-b070-ab36b5f8772c",
				"DICTIONARY_SXLJ":"",
				"DICTIONARY_JDLX":"",
				"SY_CREATEORGNAME":"软件研发部",
				"JE_CORE_DICTIONARY_ID":"59999497-3a30-4977-bfee-d7f84aab9e52",
				"SY_PYJZ":"",
				"DICTIONARY_FJD":"",
				"DICTIONARY_BM":"",
				"items":[
					{
						"pkCode":"JE_CORE_DICTIONARYITEM_ID",
						"pkValue":"769ee60b-0378-4d88-9916-f3d69918d4e2",
						"tableCode":"JE_CORE_DICTIONARYITEM",
						"tenantIdField":"SY_TENANT_ID",
						"tenantNameField":"SY_TENANT_NAME",
						"values":{
							"SY_MODIFYORGID":"dSxGZiOYSPQubZSW6Pm",
							"DICTIONARYITEM_FONTCOLOR":"",
							"SY_FLAG":"",
							"SY_MODIFYTIME":"2023-07-04 14:52:12",
							"DICTIONARYITEM_ITEMCODE":"",
							"DICTIONARYITEM_NODEINFOTYPE":"",
							"SY_CREATEUSERNAME":"",
							"SY_NODETYPE":"ROOT",
							"DICTIONARYITEM_ITEMNAME":"",
							"SY_ORDERINDEX":0,
							"SY_TREEORDERINDEX":"000001",
							"SY_MODIFYUSERID":"bb12c805b147492c83eaab8aa5184983",
							"SY_STATUS":"",
							"JE_CORE_DICTIONARYITEM_ID":"769ee60b-0378-4d88-9916-f3d69918d4e2",
							"DICTIONARYITEM_NODEINFO":"",
							"SY_AUDFLAG":"",
							"DICTIONARYITEM_ITEMNAME_EN":"",
							"DICTIONARYITEM_BACKGROUNDCOLOR":"",
							"DICTIONARYITEM_DICTIONARY_ID":"59999497-3a30-4977-bfee-d7f84aab9e52",
							"SY_MODIFYORGNAME":"平台研发部",
							"SY_LAYER":0,
							"SY_PYQC":"",
							"SY_CREATETIME":"",
							"SY_CREATEORGNAME":"",
							"SY_TENANT_ID":"global",
							"SY_PARENTPATH":"",
							"SY_PYJZ":"",
							"DICTIONARYITEM_CLASSIFY":"",
							"SY_MODIFYUSERNAME":"于春辉",
							"SY_PATH":"",
							"SY_TENANT_NAME":"系统租户"
						}
					},
					{
						"pkCode":"JE_CORE_DICTIONARYITEM_ID",
						"pkValue":"25c19af9-43e0-4843-ae65-5717c809d92a",
						"tableCode":"JE_CORE_DICTIONARYITEM",
						"tenantIdField":"SY_TENANT_ID",
						"tenantNameField":"SY_TENANT_NAME",
						"values":{
							"SY_MODIFYORGID":"dSxGZiOYSPQubZSW6Pm",
							"DICTIONARYITEM_FONTCOLOR":"",
							"SY_FLAG":"1",
							"SY_PARENT":"769ee60b-0378-4d88-9916-f3d69918d4e2",
							"SY_MODIFYTIME":"2023-11-03 09:46:25",
							"DICTIONARYITEM_ITEMCODE":"yyyy-MM-dd",
							"DICTIONARYITEM_NODEINFOTYPE":"",
							"SY_CREATEUSERNAME":"超级管理员",
							"SY_NODETYPE":"LEAF",
							"DICTIONARYITEM_ITEMNAME":"YYYY-MM-DD",
							"SY_ORDERINDEX":1,
							"SY_TREEORDERINDEX":"000001",
							"SY_MODIFYUSERID":"bb12c805b147492c83eaab8aa5184983",
							"SY_STATUS":"",
							"JE_CORE_DICTIONARYITEM_ID":"25c19af9-43e0-4843-ae65-5717c809d92a",
							"DICTIONARYITEM_NODEINFO":"",
							"SY_AUDFLAG":"NOSTATUS",
							"DICTIONARYITEM_ITEMNAME_EN":"yyyy-MM-dd",
							"DICTIONARYITEM_BACKGROUNDCOLOR":"",
							"DICTIONARYITEM_DICTIONARY_ID":"59999497-3a30-4977-bfee-d7f84aab9e52",
							"SY_MODIFYORGNAME":"平台研发部",
							"SY_LAYER":1,
							"SY_PYQC":"",
							"SY_CREATETIME":"2013-11-20 10:49:10",
							"SY_CREATEORGNAME":"软件研发部",
							"SY_TENANT_ID":"global",
							"SY_PARENTPATH":"",
							"SY_PYJZ":"",
							"DICTIONARYITEM_CLASSIFY":"",
							"SY_MODIFYUSERNAME":"于春辉",
							"SY_PATH":"/769ee60b-0378-4d88-9916-f3d69918d4e2/25c19af9-43e0-4843-ae65-5717c809d92a",
							"SY_TENANT_NAME":"系统租户"
						}
					},
					{
						"pkCode":"JE_CORE_DICTIONARYITEM_ID",
						"pkValue":"ea36664c-9758-41c4-aa68-69f3ed5ecf83",
						"tableCode":"JE_CORE_DICTIONARYITEM",
						"tenantIdField":"SY_TENANT_ID",
						"tenantNameField":"SY_TENANT_NAME",
						"values":{
							"SY_MODIFYORGID":"dSxGZiOYSPQubZSW6Pm",
							"DICTIONARYITEM_FONTCOLOR":"",
							"SY_FLAG":"1",
							"SY_PARENT":"769ee60b-0378-4d88-9916-f3d69918d4e2",
							"SY_MODIFYTIME":"2023-11-03 09:46:18",
							"DICTIONARYITEM_ITEMCODE":"YYYY年MM月dd日",
							"DICTIONARYITEM_NODEINFOTYPE":"",
							"SY_CREATEUSERNAME":"超级管理员",
							"SY_NODETYPE":"LEAF",
							"DICTIONARYITEM_ITEMNAME":"YYYY年MM月DD日",
							"SY_ORDERINDEX":2,
							"SY_TREEORDERINDEX":"000002",
							"SY_MODIFYUSERID":"bb12c805b147492c83eaab8aa5184983",
							"SY_STATUS":"",
							"JE_CORE_DICTIONARYITEM_ID":"ea36664c-9758-41c4-aa68-69f3ed5ecf83",
							"DICTIONARYITEM_NODEINFO":"",
							"SY_AUDFLAG":"NOSTATUS",
							"DICTIONARYITEM_ITEMNAME_EN":"yyyy年MM月dd日",
							"DICTIONARYITEM_BACKGROUNDCOLOR":"",
							"DICTIONARYITEM_DICTIONARY_ID":"59999497-3a30-4977-bfee-d7f84aab9e52",
							"SY_MODIFYORGNAME":"平台研发部",
							"SY_LAYER":1,
							"SY_PYQC":"",
							"SY_CREATETIME":"2013-11-20 10:49:45",
							"SY_CREATEORGNAME":"软件研发部",
							"SY_TENANT_ID":"global",
							"SY_PARENTPATH":"",
							"SY_PYJZ":"",
							"DICTIONARYITEM_CLASSIFY":"",
							"SY_MODIFYUSERNAME":"于春辉",
							"SY_PATH":"/769ee60b-0378-4d88-9916-f3d69918d4e2/ea36664c-9758-41c4-aa68-69f3ed5ecf83",
							"SY_TENANT_NAME":"系统租户"
						}
					},
					{
						"pkCode":"JE_CORE_DICTIONARYITEM_ID",
						"pkValue":"7b7972bb-cb81-49ac-8276-2bde6d11887e",
						"tableCode":"JE_CORE_DICTIONARYITEM",
						"tenantIdField":"SY_TENANT_ID",
						"tenantNameField":"SY_TENANT_NAME",
						"values":{
							"SY_MODIFYORGID":"dSxGZiOYSPQubZSW6Pm",
							"DICTIONARYITEM_FONTCOLOR":"",
							"SY_FLAG":"1",
							"SY_PARENT":"769ee60b-0378-4d88-9916-f3d69918d4e2",
							"SY_MODIFYTIME":"2023-11-03 09:46:18",
							"DICTIONARYITEM_ITEMCODE":"yyyy-MM",
							"DICTIONARYITEM_NODEINFOTYPE":"",
							"SY_CREATEUSERNAME":"超级管理员",
							"SY_NODETYPE":"LEAF",
							"DICTIONARYITEM_ITEMNAME":"YYYY-MM",
							"SY_ORDERINDEX":3,
							"SY_TREEORDERINDEX":"000003",
							"SY_MODIFYUSERID":"bb12c805b147492c83eaab8aa5184983",
							"SY_STATUS":"",
							"JE_CORE_DICTIONARYITEM_ID":"7b7972bb-cb81-49ac-8276-2bde6d11887e",
							"DICTIONARYITEM_NODEINFO":"",
							"SY_AUDFLAG":"NOSTATUS",
							"DICTIONARYITEM_ITEMNAME_EN":"yyyy-MM",
							"DICTIONARYITEM_BACKGROUNDCOLOR":"",
							"DICTIONARYITEM_DICTIONARY_ID":"59999497-3a30-4977-bfee-d7f84aab9e52",
							"SY_MODIFYORGNAME":"平台研发部",
							"SY_LAYER":1,
							"SY_PYQC":"",
							"SY_CREATETIME":"2013-11-20 10:49:27",
							"SY_CREATEORGNAME":"软件研发部",
							"SY_TENANT_ID":"global",
							"SY_PARENTPATH":"",
							"SY_PYJZ":"",
							"DICTIONARYITEM_CLASSIFY":"",
							"SY_MODIFYUSERNAME":"于春辉",
							"SY_PATH":"/769ee60b-0378-4d88-9916-f3d69918d4e2/7b7972bb-cb81-49ac-8276-2bde6d11887e",
							"SY_TENANT_NAME":"系统租户"
						}
					},
					{
						"pkCode":"JE_CORE_DICTIONARYITEM_ID",
						"pkValue":"c64de0a7-46bd-4328-a742-7501df857314",
						"tableCode":"JE_CORE_DICTIONARYITEM",
						"tenantIdField":"SY_TENANT_ID",
						"tenantNameField":"SY_TENANT_NAME",
						"values":{
							"SY_MODIFYORGID":"dSxGZiOYSPQubZSW6Pm",
							"DICTIONARYITEM_FONTCOLOR":"",
							"SY_FLAG":"1",
							"SY_PARENT":"769ee60b-0378-4d88-9916-f3d69918d4e2",
							"SY_MODIFYTIME":"2023-11-03 09:46:18",
							"DICTIONARYITEM_ITEMCODE":"yyyy年MM月",
							"DICTIONARYITEM_NODEINFOTYPE":"",
							"SY_CREATEUSERNAME":"超级管理员",
							"SY_NODETYPE":"LEAF",
							"DICTIONARYITEM_ITEMNAME":"YYYY年MM月",
							"SY_ORDERINDEX":4,
							"SY_TREEORDERINDEX":"000004",
							"SY_MODIFYUSERID":"bb12c805b147492c83eaab8aa5184983",
							"SY_STATUS":"",
							"JE_CORE_DICTIONARYITEM_ID":"c64de0a7-46bd-4328-a742-7501df857314",
							"DICTIONARYITEM_NODEINFO":"",
							"SY_AUDFLAG":"NOSTATUS",
							"DICTIONARYITEM_ITEMNAME_EN":"yyyy年MM月",
							"DICTIONARYITEM_BACKGROUNDCOLOR":"",
							"DICTIONARYITEM_DICTIONARY_ID":"59999497-3a30-4977-bfee-d7f84aab9e52",
							"SY_MODIFYORGNAME":"平台研发部",
							"SY_LAYER":1,
							"SY_PYQC":"",
							"SY_CREATETIME":"2013-11-20 10:49:59",
							"SY_CREATEORGNAME":"软件研发部",
							"SY_TENANT_ID":"global",
							"SY_PARENTPATH":"",
							"SY_PYJZ":"",
							"DICTIONARYITEM_CLASSIFY":"",
							"SY_MODIFYUSERNAME":"于春辉",
							"SY_PATH":"/769ee60b-0378-4d88-9916-f3d69918d4e2/c64de0a7-46bd-4328-a742-7501df857314",
							"SY_TENANT_NAME":"系统租户"
						}
					},
					{
						"pkCode":"JE_CORE_DICTIONARYITEM_ID",
						"pkValue":"defa4b48-4ebf-430f-96c3-c3668c2ee172",
						"tableCode":"JE_CORE_DICTIONARYITEM",
						"tenantIdField":"SY_TENANT_ID",
						"tenantNameField":"SY_TENANT_NAME",
						"values":{
							"SY_MODIFYORGID":"dSxGZiOYSPQubZSW6Pm",
							"DICTIONARYITEM_FONTCOLOR":"",
							"SY_FLAG":"1",
							"SY_PARENT":"769ee60b-0378-4d88-9916-f3d69918d4e2",
							"SY_MODIFYTIME":"2023-11-03 09:46:18",
							"DICTIONARYITEM_ITEMCODE":"yyyy-MM-dd HH:mm:ss",
							"DICTIONARYITEM_NODEINFOTYPE":"",
							"SY_CREATEUSERNAME":"超级管理员",
							"SY_NODETYPE":"LEAF",
							"DICTIONARYITEM_ITEMNAME":"YYYY-MM-DD HH:mm:ss",
							"SY_ORDERINDEX":5,
							"SY_TREEORDERINDEX":"000005",
							"SY_MODIFYUSERID":"bb12c805b147492c83eaab8aa5184983",
							"SY_STATUS":"",
							"JE_CORE_DICTIONARYITEM_ID":"defa4b48-4ebf-430f-96c3-c3668c2ee172",
							"DICTIONARYITEM_NODEINFO":"",
							"SY_AUDFLAG":"NOSTATUS",
							"DICTIONARYITEM_ITEMNAME_EN":"yyyy-MM-dd HH:mm:ss",
							"DICTIONARYITEM_BACKGROUNDCOLOR":"",
							"DICTIONARYITEM_DICTIONARY_ID":"59999497-3a30-4977-bfee-d7f84aab9e52",
							"SY_MODIFYORGNAME":"平台研发部",
							"SY_LAYER":1,
							"SY_PYQC":"",
							"SY_CREATETIME":"2013-11-20 10:48:57",
							"SY_CREATEORGNAME":"软件研发部",
							"SY_TENANT_ID":"global",
							"SY_PARENTPATH":"",
							"SY_PYJZ":"",
							"DICTIONARYITEM_CLASSIFY":"",
							"SY_MODIFYUSERNAME":"于春辉",
							"SY_PATH":"/769ee60b-0378-4d88-9916-f3d69918d4e2/defa4b48-4ebf-430f-96c3-c3668c2ee172",
							"SY_TENANT_NAME":"系统租户"
						}
					},
					{
						"pkCode":"JE_CORE_DICTIONARYITEM_ID",
						"pkValue":"58707a09-6faa-4871-a10b-ab285149e337",
						"tableCode":"JE_CORE_DICTIONARYITEM",
						"tenantIdField":"SY_TENANT_ID",
						"tenantNameField":"SY_TENANT_NAME",
						"values":{
							"SY_MODIFYORGID":"dSxGZiOYSPQubZSW6Pm",
							"DICTIONARYITEM_FONTCOLOR":"",
							"SY_FLAG":"1",
							"SY_PARENT":"769ee60b-0378-4d88-9916-f3d69918d4e2",
							"SY_MODIFYTIME":"2023-11-03 09:46:18",
							"DICTIONARYITEM_ITEMCODE":"yyyy年MM月dd日 HH时mm分ss秒",
							"DICTIONARYITEM_NODEINFOTYPE":"",
							"SY_CREATEUSERNAME":"超级管理员",
							"SY_NODETYPE":"LEAF",
							"DICTIONARYITEM_ITEMNAME":"YYYY年MM月DD日 HH时mm分ss秒",
							"SY_ORDERINDEX":6,
							"SY_TREEORDERINDEX":"000006",
							"SY_MODIFYUSERID":"bb12c805b147492c83eaab8aa5184983",
							"SY_STATUS":"",
							"JE_CORE_DICTIONARYITEM_ID":"58707a09-6faa-4871-a10b-ab285149e337",
							"DICTIONARYITEM_NODEINFO":"",
							"SY_AUDFLAG":"NOSTATUS",
							"DICTIONARYITEM_ITEMNAME_EN":"yyyy年MM月dd日 HH时mm分ss秒",
							"DICTIONARYITEM_BACKGROUNDCOLOR":"",
							"DICTIONARYITEM_DICTIONARY_ID":"59999497-3a30-4977-bfee-d7f84aab9e52",
							"SY_MODIFYORGNAME":"平台研发部",
							"SY_LAYER":1,
							"SY_PYQC":"",
							"SY_CREATETIME":"2013-11-20 10:50:32",
							"SY_CREATEORGNAME":"软件研发部",
							"SY_TENANT_ID":"global",
							"SY_PARENTPATH":"",
							"SY_PYJZ":"",
							"DICTIONARYITEM_CLASSIFY":"",
							"SY_MODIFYUSERNAME":"于春辉",
							"SY_PATH":"/769ee60b-0378-4d88-9916-f3d69918d4e2/58707a09-6faa-4871-a10b-ab285149e337",
							"SY_TENANT_NAME":"系统租户"
						}
					},
					{
						"pkCode":"JE_CORE_DICTIONARYITEM_ID",
						"pkValue":"e18b21ce-23aa-4e27-8f0a-c2378d33d0f0",
						"tableCode":"JE_CORE_DICTIONARYITEM",
						"tenantIdField":"SY_TENANT_ID",
						"tenantNameField":"SY_TENANT_NAME",
						"values":{
							"SY_MODIFYORGID":"dSxGZiOYSPQubZSW6Pm",
							"DICTIONARYITEM_FONTCOLOR":"",
							"SY_FLAG":"1",
							"SY_PARENT":"769ee60b-0378-4d88-9916-f3d69918d4e2",
							"SY_MODIFYTIME":"2023-11-03 09:46:18",
							"DICTIONARYITEM_ITEMCODE":"yyyyMMdd",
							"DICTIONARYITEM_NODEINFOTYPE":"",
							"SY_CREATEUSERNAME":"张帅鹏",
							"SY_NODETYPE":"LEAF",
							"DICTIONARYITEM_ITEMNAME":"YYYYMMDD",
							"SY_ORDERINDEX":7,
							"SY_TREEORDERINDEX":"000007",
							"SY_MODIFYUSERID":"bb12c805b147492c83eaab8aa5184983",
							"SY_STATUS":"1",
							"JE_CORE_DICTIONARYITEM_ID":"e18b21ce-23aa-4e27-8f0a-c2378d33d0f0",
							"DICTIONARYITEM_NODEINFO":"",
							"SY_AUDFLAG":"NOSTATUS",
							"DICTIONARYITEM_ITEMNAME_EN":"yyyyMMdd",
							"DICTIONARYITEM_BACKGROUNDCOLOR":"",
							"DICTIONARYITEM_DICTIONARY_ID":"59999497-3a30-4977-bfee-d7f84aab9e52",
							"SY_MODIFYORGNAME":"平台研发部",
							"SY_LAYER":1,
							"SY_PYQC":"",
							"SY_CREATETIME":"2014-08-01 11:20:42",
							"SY_CREATEORGNAME":"研发部",
							"SY_TENANT_ID":"global",
							"SY_PARENTPATH":"/769ee60b-0378-4d88-9916-f3d69918d4e2",
							"SY_PYJZ":"",
							"DICTIONARYITEM_CLASSIFY":"",
							"SY_MODIFYUSERNAME":"于春辉",
							"SY_PATH":"/769ee60b-0378-4d88-9916-f3d69918d4e2/e18b21ce-23aa-4e27-8f0a-c2378d33d0f0",
							"SY_TENANT_NAME":"系统租户"
						}
					},
					{
						"pkCode":"JE_CORE_DICTIONARYITEM_ID",
						"pkValue":"3fbe1cbc-d62e-4464-a2b2-e995f86c8191",
						"tableCode":"JE_CORE_DICTIONARYITEM",
						"tenantIdField":"SY_TENANT_ID",
						"tenantNameField":"SY_TENANT_NAME",
						"values":{
							"SY_MODIFYORGID":"dSxGZiOYSPQubZSW6Pm",
							"DICTIONARYITEM_FONTCOLOR":"",
							"SY_FLAG":"1",
							"SY_PARENT":"769ee60b-0378-4d88-9916-f3d69918d4e2",
							"SY_MODIFYTIME":"2023-11-03 09:46:18",
							"DICTIONARYITEM_ITEMCODE":"yyyyMMddHH:mm:ss",
							"DICTIONARYITEM_NODEINFOTYPE":"",
							"SY_CREATEUSERNAME":"张帅鹏",
							"SY_NODETYPE":"LEAF",
							"DICTIONARYITEM_ITEMNAME":"YYYYMMDDHH:mm:ss",
							"SY_ORDERINDEX":8,
							"SY_TREEORDERINDEX":"000008",
							"SY_MODIFYUSERID":"bb12c805b147492c83eaab8aa5184983",
							"SY_STATUS":"1",
							"JE_CORE_DICTIONARYITEM_ID":"3fbe1cbc-d62e-4464-a2b2-e995f86c8191",
							"DICTIONARYITEM_NODEINFO":"",
							"SY_AUDFLAG":"NOSTATUS",
							"DICTIONARYITEM_ITEMNAME_EN":"yyyyMMddHH:mm:ss",
							"DICTIONARYITEM_BACKGROUNDCOLOR":"",
							"DICTIONARYITEM_DICTIONARY_ID":"59999497-3a30-4977-bfee-d7f84aab9e52",
							"SY_MODIFYORGNAME":"平台研发部",
							"SY_LAYER":1,
							"SY_PYQC":"",
							"SY_CREATETIME":"2014-08-01 11:21:12",
							"SY_CREATEORGNAME":"研发部",
							"SY_TENANT_ID":"global",
							"SY_PARENTPATH":"/769ee60b-0378-4d88-9916-f3d69918d4e2",
							"SY_PYJZ":"",
							"DICTIONARYITEM_CLASSIFY":"",
							"SY_MODIFYUSERNAME":"于春辉",
							"SY_PATH":"/769ee60b-0378-4d88-9916-f3d69918d4e2/3fbe1cbc-d62e-4464-a2b2-e995f86c8191",
							"SY_TENANT_NAME":"系统租户"
						}
					}
				],
				"DICTIONARY_SQLMS":"",
				"DICTIONARY_BELONGSTO":"GNYQ",
				"DICTIONARY_VTABLE_NAME":"",
				"DICTIONARY_METHOD":"",
				"DICTIONARY_YWZD_NAME":"",
				"DICTIONARY_DICTYPE":"",
				"DICTIONARY_DEPARTMENT_WW_CODE":"",
				"SY_FLAG":"",
				"DICTIONARY_FFCS":"",
				"DICTIONARY_GLTJMS":"",
				"DICTIONARY_SFQY":"",
				"DICTIONARY_ZDXGY":"YYYY-MM-DD,YYYY年MM月DD日,YYYY-MM,YYYY年MM月,YYYY-MM-DD HH:mm:ss,YYYY年MM月DD日 HH时mm分ss秒,YYYYMMDD,YYYYMMDDHH:mm:ss",
				"SY_MODIFYTIME":"2023-07-04 14:52:11",
				"SY_JECORE":"1",
				"DICTIONARY_BELONGSTONAME":"功能引擎",
				"DICTIONARY_SQLSXSM":"",
				"DICTIONARY_FIELDCONFIGS":"",
				"SY_CREATEUSERNAME":"超级管理员",
				"DICTIONARY_DDCODE":"JE_FUNC_DATAFORMAT",
				"DICTIONARY_SXPXZD":"",
				"DICTIONARY_WHERESQL_SQL":"",
				"DICTIONARY_ORDERSQL":"",
				"DICTIONARY_ZTYS":"",
				"SY_MODIFYUSERID":"bb12c805b147492c83eaab8aa5184983",
				"DICTIONARY_DELETETIME":"",
				"DICTIONARY_ITEMROOT_ID":"769ee60b-0378-4d88-9916-f3d69918d4e2",
				"DICTIONARY_FFCSMS":"",
				"DICTIONARY_YWZD_CODE":"",
				"DICTIONARY_SQL":"",
				"DICTIONARY_DELETEUSERNAME":"",
				"SY_MODIFYORGNAME":"平台研发部",
				"DICTIONARY_SQLCONFIG":"",
				"DICTIONARY_VTABLE_CODE":"",
				"SY_PYQC":"",
				"DICTIONARY_SFCY_CODE":"",
				"SY_CREATETIME":"2013-11-20 10:47:48",
				"DICTIONARY_DEPARTMENT_WW_NAME":"",
				"DICTIONARY_MC":"",
				"SY_MODIFYUSERNAME":"于春辉",
				"DICTIONARY_PXTJMS":"",
				"DICTIONARY_SQLPZXXLB":""
			}
		}
	],
	"productFunctions":[
		
	],
	"productMenus":[
		
	],
	"productReports":[
		
	],
	"productRoles":[
		
	],
	"productSystemVariables":[
		
	],
	"productTables":[
		
	],
	"productTopMenus":[
		
	],
	"productWorkflows":[
		
	],
	"upgrade":{
		"tenantIdField":"SY_TENANT_ID",
		"tenantNameField":"SY_TENANT_NAME",
		"values":{
			"UPGRADEPACKAGE_PLATFORM_CODE":"1",
			"SY_PRODUCT_NAME":"元数据服务",
			"roleIdList":[
				
			],
			"UPGRADEPACKAGE_PACKAGE_CODE":"0",
			"SY_PRODUCT_ID":"89c46361dd554800b78ad438340d7791",
			"SY_COMPANY_ID":"V1R0gp2zJ3SvGFNvJdM",
			"SY_CREATEUSERNAME":"于春辉",
			"SY_ORDERINDEX":0,
			"SY_GROUP_COMPANY_NAME":"凯特数智集团公司",
			"UPGRADEPACKAGE_PACKAGE_NAME":"",
			"SY_COMPANY_NAME":"凯特伟业",
			"UPGRADEPACKAGE_PACKAGE_TIME":"2023-11-03 09:46:58",
			"dataSourceList":[
				
			],
			"SY_CREATEORGID":"dSxGZiOYSPQubZSW6Pm",
			"dictionaryIdList":[
				"59999497-3a30-4977-bfee-d7f84aab9e52"
			],
			"chartList":[
				
			],
			"SY_STATUS":"1",
			"UPGRADEPACKAGE_PACKAGEUSER_NAME":"",
			"SY_CREATEUSERID":"bb12c805b147492c83eaab8aa5184983",
			"workflowIdList":[
				
			],
			"SY_GROUP_COMPANY_ID":"8lP9PMNllXGz5FYj5BT",
			"reportList":[
				
			],
			"portalList":[
				
			],
			"UPGRADEPACKAGE_PLATFORM_NAME":"",
			"UPGRADEPACKAGE_NAME":"JE_FUNC_DATAFORMAT",
			"UPGRADEPACKAGE_VERSION":"2.1.1",
			"menuIdList":[
				
			],
			"topMenuIdList":[
				
			],
			"SY_CREATEORGNAME":"平台研发部",
			"SY_CREATETIME":"2023-11-03 09:46:48",
			"SY_ORG_ID":"systemdepartment",
			"globalScriptList":[
				
			],
			"UPGRADEPACKAGE_PACKAGE_FILE":"",
			"tableIdList":[
				
			],
			"funcIdList":[
				
			],
			"UPGRADEPACKAGE_REMARK":"",
			"variableList":[
				
			],
			"JE_META_UPGRADEPACKAGE_ID":"db0c14fc69fe42c2989530a7bf9cd1bc",
			"businessMap":{
				
			}
		}
	}
}